"date";"nb_deces";"no";"no2";"o3";"pm25";"pm10"
2018-01-01;44;19.52;30.27;56.39;4.71;7.67
2018-01-02;43;25.22;40.13;40.77;7.12;13.06
2018-01-03;44;19.68;32.6;50.93;5.48;9.52
2018-01-04;61;72.36;52.28;37.53;7.39;9.59
2018-01-05;41;37.56;41.52;32.24;6.62;9.48
2018-01-06;38;26.52;39.11;30.79;9.66;13.75
2018-01-07;56;15.1;24.67;17.98;14.34;16.76
2018-01-08;53;52.66;34.23;8.21;18.69;22.39
2018-01-09;38;38.69;39.06;25.73;12.3;17.35
2018-01-10;44;32.84;46.14;35.38;8.89;16.09
2018-01-11;37;66.04;52.71;28.5;16.57;20.98
2018-01-12;48;24.63;35.23;30.23;13.65;18.03
2018-01-13;38;40.65;43.25;18.79;24.93;29.43
2018-01-14;44;31.62;44.4;24.21;27.95;30.13
2018-01-15;38;51.97;41.47;33.61;22.2;30.2
2018-01-16;41;33.19;41.29;45.44;6.24;10.85
2018-01-17;33;26.69;41.93;50.28;8.41;13.09
2018-01-18;42;19.9;44.17;39.92;7.14;13.67
2018-01-19;34;45.15;55.75;39.02;9.14;13.31
2018-01-20;39;16.52;41.05;42.16;7.85;11.56
2018-01-21;35;13.6;35.53;49.05;7.95;10.72
2018-01-22;32;60.14;47.97;37.72;12.56;16.07
2018-01-23;35;45.45;57.08;35.87;10.09;17.74
2018-01-24;42;45.54;43.41;34.97;13.66;22.54
2018-01-25;34;42.02;34.24;55.72;5.82;15.77
2018-01-26;38;19.99;41.55;43.6;4.63;7.64
2018-01-27;31;23.67;35.85;33.66;10.7;14.99
2018-01-28;29;14.08;30.01;36.87;9.98;13.97
2018-01-29;38;52.74;47.41;26.03;13.21;17.48
2018-01-30;33;39.14;46.16;22.16;8.71;15.89
2018-01-31;36;22.36;31.42;27.17;9.08;17.24
2018-02-01;45;16.49;33.78;40.2;5.83;11.94
2018-02-02;38;25.66;39.53;36.53;7.14;14.71
2018-02-03;29;23.26;39.38;31.35;11.58;14.76
2018-02-04;35;20.79;41.71;23.98;19.5;23.84
2018-02-05;47;39.39;40.02;14.69;15.78;19.84
2018-02-06;48;53.2;44.3;14.31;21.62;27.49
2018-02-07;41;33.12;43.34;21.86;14.23;20.61
2018-02-08;51;25.31;33.96;9.6;21.87;28.36
2018-02-09;39;33.38;43.41;25.18;28.04;35.87
2018-02-10;43;15.68;32.25;49.04;8.39;12.7
2018-02-11;46;17.53;45.14;41.88;12.95;16.6
2018-02-12;44;14.19;34.87;51.08;6.47;11.09
2018-02-13;38;31.9;38.91;42.1;10.66;17.71
2018-02-14;39;35.79;51.57;31.75;13.82;19.32
2018-02-15;32;14.23;38.64;21.51;10.88;16.15
2018-02-16;33;41.1;46.53;34.68;15.06;19.6
2018-02-17;39;19.35;32.5;45.23;9.78;13.8
2018-02-18;34;13.08;19.52;53.83;6.35;9.42
2018-02-19;49;27.46;41.08;37.89;14.81;19.61
2018-02-20;46;16.24;29.91;46.01;18.94;25.44
2018-02-21;34;10.84;25.42;52.88;21.27;27.54
2018-02-22;39;13.19;29.94;48.47;34.05;41.83
2018-02-23;40;17.25;36.16;44.38;30.23;36.03
2018-02-24;31;16.7;38.53;32.24;38.38;45.91
2018-02-25;33;13.58;23.86;53.66;21.71;28.12
2018-02-26;37;12.47;21.82;63.24;11.98;18.75
2018-02-27;41;14.07;29.03;52.1;21.36;26.5
2018-02-28;40;27.39;52.35;28.74;37.9;46.41
2018-03-01;49;20.48;43.11;37.9;18.58;23.94
2018-03-02;54;42.56;52.37;36.43;18.43;25.2
2018-03-03;40;34.84;54.51;38.45;12.61;17.43
2018-03-04;46;30.65;47.09;42.27;13.17;18.89
2018-03-05;46;40.46;51.47;32.81;14.57;20.45
2018-03-06;48;31.27;46.02;47.14;6.49;10.58
2018-03-07;43;32.66;43.88;52.52;3.34;10.09
2018-03-08;44;28.65;37.4;52.9;9.58;15.97
2018-03-09;53;7.05;22.49;66.93;4.66;11.69
2018-03-10;49;6.14;21.11;61.02;5.09;6.68
2018-03-11;49;7.43;17.22;69.73;3.85;7.28
2018-03-12;56;12.38;32.89;53.82;4.22;7.04
2018-03-13;39;25.91;48.13;50.77;8.41;11.81
2018-03-14;29;40.62;37.1;53.02;11.47;17.85
2018-03-15;39;17.11;43.72;61.84;7.75;9.74
2018-03-16;49;35.6;48.64;44.91;11.22;15.92
2018-03-17;42;10.76;32.66;55.06;6.4;7.91
2018-03-18;38;10.02;24.55;44.17;11.04;13.41
2018-03-19;33;12.64;24.1;51.11;15.75;18.85
2018-03-20;28;8.1;22.37;63.32;20.56;25.22
2018-03-21;43;6.53;19.96;70.57;9.6;12.98
2018-03-22;45;10.42;28.38;66.26;12;16.95
2018-03-23;24;16;34.95;51.43;12.75;14.95
2018-03-24;41;26.22;48.07;43.55;22.07;26.84
2018-03-25;29;14.55;41.12;64.63;15.94;18.75
2018-03-26;43;19.06;37.16;50.94;19.44;22.79
2018-03-27;35;23.95;41.43;43.67;27.2;32.4
2018-03-28;35;27.85;39.51;38.15;12.04;15.2
2018-03-29;33;11.14;40.57;60.94;7.36;9.18
2018-03-30;38;23.02;47.67;47.5;8.8;12.68
2018-03-31;41;12.81;30.8;60.71;7.61;9.86
2018-04-01;44;8.93;28.12;70.87;7.57;9.65
2018-04-02;38;7.52;25.15;69.3;7.66;12.16
2018-04-03;32;11.4;22.85;68.22;7.11;25.31
2018-04-04;44;15.09;37.19;59.7;8.28;17.28
2018-04-05;36;18.22;35.07;56.57;6.55;9.15
2018-04-06;43;28.11;33.06;70.77;7.45;15.18
2018-04-07;35;7.43;25.77;83.17;8.21;11.97
2018-04-08;31;13.27;39.91;66.73;11.45;19.11
2018-04-09;28;13.57;30.51;61.19;9.38;16.17
2018-04-10;39;11.23;27.32;89.06;3.69;7.87
2018-04-11;32;22.7;41.73;57.02;8.03;13.93
2018-04-12;31;18.04;36.82;79.49;1.76;8.19
2018-04-13;28;25.15;32.49;74.9;4.14;8.53
2018-04-14;40;26.02;44.18;58.85;9.86;13.94
2018-04-15;31;12.82;29.27;56.38;9.47;13.55
2018-04-16;22;13.55;27.39;64.82;6.35;11.04
2018-04-17;36;15.08;31.76;70.15;8.38;15.32
2018-04-18;38;43.33;58.66;78.08;13.4;27.4
2018-04-19;34;27.63;50.91;83.11;13.72;26.77
2018-04-20;40;24.62;60.81;93.83;15.66;30.35
2018-04-21;38;19.13;46.72;104.93;16.38;27.56
2018-04-22;33;16.13;34.87;91.09;12.75;24.65
2018-04-23;26;19.29;34.26;64.06;14.93;28.97
2018-04-24;31;34.9;43.25;64.5;14.64;29.7
2018-04-25;31;29.01;36.89;63.25;14.41;31.19
2018-04-26;34;13.13;22.14;70.05;6.69;12.79
2018-04-27;21;21.75;35.36;72.3;7.95;20.02
2018-04-28;31;14;20.57;63.89;10.07;15.77
2018-04-29;29;23.18;25.63;78.01;7.16;19.71
2018-04-30;34;14.33;23.27;78.37;3.85;8.39
2018-05-01;29;10.03;15.59;67.84;5.29;7.41
2018-05-02;33;12.98;25.11;71.6;6.15;9.99
2018-05-03;28;8.69;18.31;79.47;8.55;13.89
2018-05-04;35;10.46;22.8;91.07;13.42;20.88
2018-05-05;44;9.15;23.73;90.56;15.18;23.05
2018-05-06;27;11.07;26.28;86.55;17.54;25.18
2018-05-07;35;21.55;33.96;89.39;18.09;29.18
2018-05-08;33;11.35;19.7;91.96;11.45;17.84
2018-05-09;37;12.17;20.04;83.21;14.41;20.9
2018-05-10;36;8.84;14.79;66.63;10.43;15.31
2018-05-11;22;14.31;27.34;68.98;13.57;17.58
2018-05-12;27;17.79;27.87;84.87;14.3;19.24
2018-05-13;13;5.86;15.52;76.84;4.2;4.14
2018-05-14;28;16.24;26.57;46.3;6.1;5.56
2018-05-15;34;19.68;25.11;53.85;9.25;12.45
2018-05-16;25;17.52;33.84;64.83;22.33;29.26
2018-05-17;37;15.9;25.52;72.37;13.34;19.47
2018-05-18;35;14.86;24.99;79.41;14.68;21.75
2018-05-19;35;8.07;22.28;90.09;11.95;19.46
2018-05-20;33;6.65;18.78;89.29;9.05;12.57
2018-05-21;29;15.91;30.71;87.73;7.81;12.98
2018-05-22;37;9.18;25.63;81.77;7.41;11.96
2018-05-23;29;14.12;34.77;56.97;12.27;13.93
2018-05-24;27;31.12;41.83;73.2;12.26;19.02
2018-05-25;38;27.57;54.15;80.11;13.25;21.53
2018-05-26;24;24.18;39.3;88.81;11.89;21.84
2018-05-27;38;15.08;27.26;53.82;12.23;18.8
2018-05-28;41;28.29;34.91;39.47;9.63;19.86
2018-05-29;31;20.73;30.04;59.32;11.28;24.25
2018-05-30;33;25.78;39.21;51.73;11.35;22.4
2018-05-31;31;20.38;37.6;60.86;10.52;16.71
2018-06-01;29;22.34;34.02;63.4;7.69;13.97
2018-06-02;20;20.62;28.93;70.01;7;14.41
2018-06-03;34;28.98;31.54;73.99;9.35;18.64
2018-06-04;24;10.5;27.77;61.2;9.45;14.51
2018-06-05;31;10.97;28.75;56.89;9.8;15.51
2018-06-06;34;19.84;30.67;54.09;8.25;15.96
2018-06-07;31;22.02;33.93;47.44;8.66;15.52
2018-06-08;24;22.55;35.58;46.68;9.34;13.86
2018-06-09;30;19.26;35.14;67.09;10;18.37
2018-06-10;37;15.63;24.32;67.35;8.87;19.82
2018-06-11;32;15.56;30.02;44.73;7.76;16.51
2018-06-12;39;18.26;28.37;42.05;7.49;11.67
2018-06-13;37;11.69;17.37;59.13;9.1;13.96
2018-06-14;35;10.39;20.03;64.17;8.09;13.18
2018-06-15;27;12.24;22.57;70.37;7.43;11.63
2018-06-16;26;9.54;19.14;64.59;6.35;10.35
2018-06-17;32;9.52;14.87;66.25;6.85;11.36
2018-06-18;33;10.18;19.28;50.67;6.09;11.21
2018-06-19;30;10.57;20.9;62.27;6.2;9.31
2018-06-20;29;17.23;36.02;82.95;9.68;18.26
2018-06-21;26;17.54;34.57;83.45;10.71;21.32
2018-06-22;26;10.28;14.45;78.05;5.71;19.33
2018-06-23;36;7.95;14.32;84.58;6.34;12.55
2018-06-24;32;6.49;13.88;84.43;6.55;11.47
2018-06-25;29;9.48;18.88;88.27;8.71;15.71
2018-06-26;35;11.58;24.63;85.18;8.44;14.11
2018-06-27;37;10.24;24.58;93.41;8.55;16.45
2018-06-28;24;10.45;21.83;104.89;8.49;17.88
2018-06-29;26;14.71;36.99;103.92;11.86;19.42
2018-06-30;29;17.55;44.83;115.72;14.86;23.69
2018-07-01;33;11.64;29.62;108.24;12.59;23.96
2018-07-02;34;14.12;41.35;108.08;12.83;25.91
2018-07-03;35;17.75;39.57;77.92;10.19;14.39
2018-07-04;35;22.37;45.42;85.98;10.64;15.74
2018-07-05;30;16.52;31.33;70.55;6.25;8.8
2018-07-06;20;15.46;34.49;73.34;10.34;14.59
2018-07-07;36;8.27;24.17;88.17;10;14.21
2018-07-08;32;6.87;19.52;108.59;11.45;17.09
2018-07-09;23;10.38;30.95;109.56;9.17;15.71
2018-07-10;33;16.06;25.28;94.53;11.69;16.28
2018-07-11;29;12.68;18.75;76.6;8.84;14.27
2018-07-12;31;19.23;32.74;87.38;12.85;17.31
2018-07-13;33;26.87;47.11;96.46;14.36;22.86
2018-07-14;21;13.28;36.22;94.63;12.43;21.11
2018-07-15;23;13.55;31.94;81.71;12.39;18.14
2018-07-16;21;18.13;34.97;93.03;10.69;16.53
2018-07-17;28;14.35;27.03;75.78;10.03;14.27
2018-07-18;41;23.32;33.73;70.59;8.23;13.19
2018-07-19;41;19.55;45.36;85.42;12.53;19.29
2018-07-20;34;18.82;44.89;76.26;11.07;20.34
2018-07-21;32;13.33;24.4;67.52;9.78;14.65
2018-07-22;30;6.55;18.98;81.91;9.57;13.51
2018-07-23;25;8.84;26.45;109.13;12.07;18.16
2018-07-24;35;19.47;53.58;106.17;19.12;25.12
2018-07-25;34;5.46;32.44;107.36;19.15;26.51
2018-07-26;35;11.74;37.49;104.53;14.86;23.12
2018-07-27;24;28.56;61.37;107.78;17.53;30.18
2018-07-28;35;10.88;27.38;68.02;13.05;16.08
2018-07-29;29;12.91;31.97;72.76;11.78;17.28
2018-07-30;29;16.08;32.84;72.13;10.57;16.56
2018-07-31;30;20.64;35.4;76.28;10.11;20.51
2018-08-01;38;12.85;25.4;85.57;9.44;18.78
2018-08-02;32;16.41;30.84;111.67;12.01;18.79
2018-08-03;38;17.99;40.18;118.87;14.03;22.51
2018-08-04;30;7.25;28.17;133.77;16.75;25.6
2018-08-05;34;6.14;23.93;146.84;14.4;23.2
2018-08-06;40;18.1;40.02;115.08;15.51;24.23
2018-08-07;45;14.23;27.41;108.83;15.56;26.31
2018-08-08;44;16.01;29.72;85.76;16.05;25.91
2018-08-09;36;13.98;28.97;60.76;12.34;16.6
2018-08-10;29;11.83;25.41;60.12;5.17;8.78
2018-08-11;33;9.98;20.63;63.57;5.47;8.08
2018-08-12;38;11.28;20.31;80.52;8.66;13.31
2018-08-13;38;14.68;25.52;62.6;7.27;12.69
2018-08-14;28;12.23;17.53;49.29;4.47;7.05
2018-08-15;23;6.44;16.16;73.25;6.18;9.4
2018-08-16;44;17.94;35.34;82.08;7.98;15.68
2018-08-17;30;10.76;24.79;63.09;11.22;14.47
2018-08-18;23;5.31;17.28;81.84;8.45;11.93
2018-08-19;26;6.01;20.03;78.66;6.08;10.77
2018-08-20;31;10.54;24.11;70.61;9.06;14.77
2018-08-21;35;9.77;24.53;69.91;10.11;15.31
2018-08-22;32;15.32;31.8;83.32;11.5;19.34
2018-08-23;39;13.33;35.15;77.52;11.65;18.16
2018-08-24;33;12.4;18.52;51.74;7.14;10.56
2018-08-25;31;10.62;17.6;49.73;7.34;11.57
2018-08-26;30;8.83;19.57;57.44;4.58;6.18
2018-08-27;29;21.16;40.75;59.37;8.18;14.9
2018-08-28;29;14.42;32.97;65.06;9.22;15.19
2018-08-29;50;14.04;29.14;70.14;11.44;17.22
2018-08-30;17;15.8;26.49;70.93;8.69;13.73
2018-08-31;28;11.79;23.93;71.47;8.88;14.17
2018-09-01;29;7.39;14.94;75.16;9.04;13.75
2018-09-02;28;7.4;15.66;79;7.22;12.48
2018-09-03;24;15.7;25.44;65.62;7.2;12.38
2018-09-04;31;18.81;35.13;65.12;7.4;14.07
2018-09-05;36;28.94;48.54;83.41;11.36;22.85
2018-09-06;42;15.53;43.14;65.5;12.4;16.7
2018-09-07;40;14.83;29.22;64.19;10.09;14.37
2018-09-08;30;15.4;37.09;58.27;7.63;11.76
2018-09-09;38;16.7;48.82;74.76;11.47;17.27
2018-09-10;36;25.45;51.06;73.82;9.5;17.89
2018-09-11;28;32.62;66.38;76.51;11.95;23.77
2018-09-12;36;26.34;48.64;81.23;11.71;26.55
2018-09-13;29;30.21;45.05;78.47;11.98;23.8
2018-09-14;40;15.47;27.36;53.89;9.38;14.23
2018-09-15;36;9.44;22.49;72.87;6.64;10.84
2018-09-16;36;15.49;36.27;73.68;9.9;15.61
2018-09-17;37;23.99;39.71;73.57;11.46;23.45
2018-09-18;27;18.55;39.88;76.59;11.49;22.43
2018-09-19;48;18.54;51.93;69.73;13.04;27.16
2018-09-20;28;35.76;64.71;69.08;15.48;29.57
2018-09-21;34;19.23;41.92;60.55;10.75;25.58
2018-09-22;32;18.74;38.27;51.73;8.67;12.89
2018-09-23;29;13.7;30.13;42.62;5.86;11.67
2018-09-24;28;8.38;13.15;55.93;4.89;8.33
2018-09-25;43;18.42;29.55;51.11;6.6;11.4
2018-09-26;34;38.71;55.07;51.26;11.27;24.82
2018-09-27;21;48.37;70.11;62.47;13.53;31.92
2018-09-28;38;33.85;51.32;80.78;13.42;29.72
2018-09-29;20;13.86;32.49;56.33;15.04;23.67
2018-09-30;38;17.35;43.51;52.6;18.1;23.95
2018-10-01;32;12.81;22.44;57.29;7;13.13
2018-10-02;30;15.33;24.89;54.38;6.93;14.67
2018-10-03;27;11.58;24.7;42.88;7.63;13.02
2018-10-04;35;26.24;35.4;33.62;10.15;17.11
2018-10-05;31;46.19;52.56;52.56;12.77;26.15
2018-10-06;29;14.13;31.86;75.93;10.24;21.71
2018-10-07;48;8.7;23.06;61.37;8.06;6.04
2018-10-08;22;19.62;27.57;27.78;24.09;30.84
2018-10-09;37;22.96;35.57;31.16;30.75;38.37
2018-10-10;29;29.2;36.53;27.22;23.5;31.47
2018-10-11;28;27.91;33.19;47.04;8.09;15.44
2018-10-12;32;19.48;32.75;51.98;9.13;16.63
2018-10-13;25;13.17;29.34;61.01;10.71;16.88
2018-10-14;23;26.3;30.56;84.16;11.71;22.28
2018-10-15;27;29.16;60.59;50.4;19.39;31.27
2018-10-16;34;46.43;68.93;50.11;21.3;33.34
2018-10-17;29;42.06;63;59.7;20.95;33.27
2018-10-18;40;34.33;59.95;49.35;21.5;33.23
2018-10-19;31;47.14;57.51;41.41;27.63;42.37
2018-10-20;31;14.93;39.13;44.19;34.5;44.18
2018-10-21;33;11.6;31.2;45.02;34.74;41.34
2018-10-22;26;21.27;29.3;54.42;12.16;20.58
2018-10-23;40;17.93;31.31;41.32;15.3;24.03
2018-10-24;35;17.84;28.6;44.96;10.55;20.39
2018-10-25;34;23.56;26.95;33.47;8.35;13.01
2018-10-26;26;32.82;38.39;28.67;17.7;25.17
2018-10-27;39;13;21.47;42.97;8.38;11.5
2018-10-28;34;12.25;17.22;36.93;4.84;5.75
2018-10-29;36;23.75;23.37;18.57;4.02;4.98
2018-10-30;44;33.25;33.02;22.61;5.24;7.54
2018-10-31;43;40.95;42.79;45.97;8.28;11.9
2018-11-01;43;21.32;36.64;50.2;8.25;8.55
2018-11-02;46;42.93;35.32;34.52;11.39;13.58
2018-11-03;30;21.81;25.95;33.77;16.5;18.92
2018-11-04;29;32.32;35.48;15.89;28.65;31.32
2018-11-05;34;80.32;48.32;17.61;27.94;35.96
2018-11-06;36;40.72;48.16;33.4;9.6;14.65
2018-11-07;36;24.29;34.17;39.75;4.15;10.59
2018-11-08;31;52.97;48.36;26.69;13.56;18.44
2018-11-09;22;100.05;59.31;23.53;15.02;24.4
2018-11-10;34;31.52;32.41;67.93;4.68;12.57
2018-11-11;31;24.03;25.53;62.77;2.95;9.34
2018-11-12;38;39.86;34.29;67.69;4.76;14.18
2018-11-13;36;31.57;46.14;39.31;8.37;11.1
2018-11-14;30;44.03;41.67;17.62;20.01;25.97
2018-11-15;30;47.93;42.4;17.02;22.14;28.95
2018-11-16;29;34.44;33.45;8.79;16.93;20.49
2018-11-17;40;11.85;22.08;17.25;10.25;15.4
2018-11-18;27;10.92;21.18;23.27;23.41;26.81
2018-11-19;31;17.44;27.71;21.81;26.28;29.26
2018-11-20;43;36.42;44.34;13.46;22.15;27.77
2018-11-21;36;59.26;45.52;9.55;26.15;28.68
2018-11-22;41;118.06;54.37;10.07;34.86;42.06
2018-11-23;33;118.02;55.44;12.84;23.56;25.45
2018-11-24;31;90.67;58.17;18.57;19.93;22.02
2018-11-25;33;37.53;43.71;25.21;19.42;20.39
2018-11-26;31;52.02;42.65;20.61;16;20.39
2018-11-27;35;39.65;40.56;20.11;15.12;16.85
2018-11-28;38;127.05;61.51;16.05;27.73;35.82
2018-11-29;28;39.75;43.07;38.54;10.36;18.99
2018-11-30;40;78.3;69.87;24.93;17.95;20.5
2018-12-01;32;46.89;56.18;21.36;20.65;23.93
2018-12-02;39;15.11;26.26;39.4;5.32;8.08
2018-12-03;35;38.95;46.35;31.86;9;13.74
2018-12-04;28;98.32;67.21;26.39;15.95;24.18
2018-12-05;47;123.8;65.01;19.64;27.72;35.36
2018-12-06;29;118.25;66.91;30.81;22.1;27.5
2018-12-07;30;56.72;49.46;35.44;12.12;19.79
2018-12-08;32;21.51;43.73;40.69;8.11;13.5
2018-12-09;38;6.44;21.95;69.8;6;9.47
2018-12-10;23;23.93;41.71;44.28;6.63;10.46
2018-12-11;44;23.07;41.2;37.92;9.33;12.53
2018-12-12;36;48.16;54.59;21.02;20.7;26.08
2018-12-13;30;38;49.83;19.13;27.34;32.39
2018-12-14;39;36.65;41.68;18.2;29.56;31.31
2018-12-15;33;24.94;39.54;25.33;28.62;31.44
2018-12-16;37;30.79;45.13;19.95;22.19;24.64
2018-12-17;35;81.41;70.63;29.44;23.54;24.77
2018-12-18;26;60.36;44.78;33.99;15.79;19.89
2018-12-19;25;35.46;58.27;36.05;9.11;12.39
2018-12-20;33;44.27;57.14;25.62;15.64;20.19
2018-12-21;33;16.54;39.61;43.04;6.88;11.14
2018-12-22;33;62.47;52.61;25.88;16.84;19.45
2018-12-23;32;89.1;55.46;22.92;22.85;25.34
2018-12-24;30;31.84;33.43;45.38;11.13;10.62
2018-12-25;38;9.14;24.21;39.66;10.4;11.24
2018-12-26;46;26.78;41.61;21.86;21.33;24.01
2018-12-27;33;55.03;49.41;17.82;35.61;39.97
2018-12-28;33;63.42;51.88;25.82;33.56;39.3
2018-12-29;37;11.24;28.16;37.53;22.61;24.96
2018-12-30;39;10.14;27.96;38.22;14.81;17.28
2018-12-31;38;13.79;30.49;36.78;7.01;10.98
2019-01-01;40;8.97;25.34;38.39;7.69;10.02
2019-01-02;52;9.85;24.06;58.05;7;12.21
2019-01-03;34;12.27;23.31;59.79;7.96;14.05
2019-01-04;42;14.3;30.34;49.91;14.05;19.01
2019-01-05;37;12.32;26.62;43.66;14.2;18.91
2019-01-06;44;11.47;24.35;41.91;10.2;12.74
2019-01-07;43;17.91;34.62;44.3;12.01;16.93
2019-01-08;35;60.42;57.28;32.99;20.05;25.21
2019-01-09;50;17.57;31.1;53.22;5.66;10.57
2019-01-10;37;14.16;24.6;47.53;8.19;13.57
2019-01-11;42;18.72;32.24;39.45;14.88;20.06
2019-01-12;36;28.08;49.04;28.55;16.73;22.01
2019-01-13;40;41.83;49.77;37.53;16.74;18.94
2019-01-14;33;24.9;45.31;49.7;8.29;13.05
2019-01-15;38;36.33;54.03;32.2;15.66;21.67
2019-01-16;36;47.73;52.48;32.32;18.21;29.48
2019-01-17;51;27.87;52.72;48.05;13.41;19.02
2019-01-18;41;25.38;44.97;39.56;13.47;18.93
2019-01-19;43;64.65;59.64;22.72;37.52;41.23
2019-01-20;34;58.69;61.64;26.3;42.21;47.55
2019-01-21;38;21.46;32.71;28.19;26.76;30.85
2019-01-22;41;34.27;50.93;35.38;24.32;30.46
2019-01-23;45;26.23;47.48;37.25;19.89;23.22
2019-01-24;39;11.77;29.54;44.78;17.3;21.38
2019-01-25;47;15.13;38.01;48.17;21.4;24.76
2019-01-26;43;47.05;66.01;24.49;31.03;37.26
2019-01-27;33;15.91;29;50.91;12.31;15.76
2019-01-28;40;24.78;38.64;51.99;7.71;14.68
2019-01-29;47;26.23;37.54;51.87;8.41;16.09
2019-01-30;42;9.53;29.59;60.58;4.44;11.13
2019-01-31;37;10.04;29.65;42.32;5.59;11.27
2019-02-01;42;28.85;52.18;39.6;8.65;10.98
2019-02-02;42;15.62;35.15;45.59;9.19;12.22
2019-02-03;38;6.3;17.75;53.99;7.83;10.65
2019-02-04;45;26.62;44.15;36.36;16.53;21.34
2019-02-05;45;57.13;60.84;32.3;33.43;39.79
2019-02-06;62;90.53;75.52;24.46;42.91;47.62
2019-02-07;51;88.69;70.82;43.1;37.31;40.62
2019-02-08;40;83.73;61.4;28.03;27.23;29.28
2019-02-09;56;17.11;43.91;42.89;11.42;18.17
2019-02-10;41;11.6;24.42;69.36;7.77;12.48
2019-02-11;39;16.25;36.24;59.44;6.69;10.19
2019-02-12;50;17.17;33.63;45.94;10.5;14.73
2019-02-13;42;48.36;53.54;30.25;25.18;33.26
2019-02-14;47;110.51;76.9;28.03;36.28;49.86
2019-02-15;27;146.11;89.98;30.19;39.05;55.87
2019-02-16;48;54.82;59.44;40.29;28.2;34.69
2019-02-17;33;20.17;46.58;72.85;17.92;24.03
2019-02-18;36;28.35;42.96;64.19;9.87;20.38
2019-02-19;47;51.69;63.74;42.49;22.68;33.97
2019-02-20;36;86.6;76.02;35.02;31.5;45.49
2019-02-21;42;77;79.45;41.67;34.84;53.77
2019-02-22;50;16.35;35.37;58.04;21.68;29.72
2019-02-23;33;22.77;39.97;41.78;26.96;30.89
2019-02-24;43;31.92;51.84;38.37;30.96;39.22
2019-02-25;57;65.12;67.43;39.47;39.53;51.74
2019-02-26;46;70.65;77.51;39.9;44.27;59.01
2019-02-27;57;85.63;82.35;40.11;40.69;55.24
2019-02-28;39;67.85;65.53;51.54;25.94;41.34
2019-03-01;53;21.01;44.19;68.41;10.81;17.84
2019-03-02;34;36.95;56.63;37.36;16.34;23.35
2019-03-03;32;29.26;38.82;41.38;13.24;19.77
2019-03-04;51;16.35;34.78;71.38;4.58;11.92
2019-03-05;48;27.45;48.62;53.67;7.74;16.24
2019-03-06;37;33.47;34.57;74.56;6.42;27.5
2019-03-07;34;25.94;36.84;68.3;2.82;10.5
2019-03-08;37;29.63;52.27;48.96;8.64;16.61
2019-03-09;27;25.57;48.57;32.99;10.26;15.76
2019-03-10;35;12.65;26.37;52.73;5.57;11.46
2019-03-11;43;11.68;28.6;69.24;5.79;10.25
2019-03-12;49;34.18;47.17;72.88;8.32;15.19
2019-03-13;32;18.9;36.43;80.03;4.35;7.98
2019-03-14;37;19.93;42.96;69.93;7.24;10.25
2019-03-15;31;37.68;50.71;58.95;7.62;8.64
2019-03-16;46;46.25;51.4;41.24;9.61;16.06
2019-03-17;24;16.98;34.22;62.19;6.8;10.7
2019-03-18;34;19.64;32.11;66.54;4.94;8.99
2019-03-19;37;13.99;26.96;78.2;6.67;11.19
2019-03-20;25;16.61;28.94;73.67;9.41;15.41
2019-03-21;35;20.34;47.56;62.38;16.44;24.75
2019-03-22;40;44.9;72.18;57.73;25.1;38.47
2019-03-23;37;21.92;49.65;74.13;21.09;29.87
2019-03-24;38;11.59;36.22;81.56;29;35.69
2019-03-25;37;9.63;20.93;73.31;20.34;28.37
2019-03-26;39;8.32;17.76;79.61;7.78;16.18
2019-03-27;35;11.06;22.72;76.32;10.7;17.11
2019-03-28;38;14.29;34.55;65.82;11.45;17.42
2019-03-29;26;29.72;51.31;65.99;14.21;26.21
2019-03-30;31;20.52;44.72;79.18;11.39;21.31
2019-03-31;31;14.75;48.18;85.11;14.49;22.16
2019-04-01;36;48.25;70.02;75.84;20.69;38
2019-04-02;36;34.58;51.7;77.63;11.1;27.5
2019-04-03;44;17.8;33.19;62.71;6.72;10.33
2019-04-04;46;20.63;40.43;56.53;8.08;10.14
2019-04-05;35;40.87;46.1;59.17;10.73;17.75
2019-04-06;46;24.02;39.78;69.93;7.66;14.36
2019-04-07;39;13.75;32.52;60.92;7.33;9.77
2019-04-08;33;27.67;39.92;57.39;9.8;13.6
2019-04-09;31;29.76;37.08;64.7;10;14.23
2019-04-10;27;21.65;27.3;70.79;7.26;13.38
2019-04-11;37;11.67;18.95;78.68;24.98;31.27
2019-04-12;46;13.9;27.86;86.26;17.93;25.01
2019-04-13;35;11.76;22.07;74.65;20.16;24.78
2019-04-14;37;8.93;17.3;81.13;14.83;17.35
2019-04-15;35;25.99;35.24;78.1;16.65;24.48
2019-04-16;44;23.1;42.79;62.91;7.29;12.35
2019-04-17;42;33.32;42.84;58.21;11.4;17.43
2019-04-18;39;21.93;43.22;92.94;9.74;17.92
2019-04-19;35;36.39;65.98;97.53;16.48;27.57
2019-04-20;31;14.89;38.58;99.58;11.87;19.47
2019-04-21;31;10.69;32.95;90.18;11.5;18.63
2019-04-22;38;12.5;35.62;90.59;11.98;23.41
2019-04-23;39;19.17;34.04;81.62;12.72;27.51
2019-04-24;34;20.21;27.36;97.35;7.68;20.31
2019-04-25;43;20.75;29.61;90.3;4.26;15.48
2019-04-26;33;21.16;36.85;68.67;4.31;8.46
2019-04-27;21;14.46;29.32;70.2;4.65;8.09
2019-04-28;29;12.22;21.5;75.69;6.19;8.47
2019-04-29;28;11.99;20.76;67.41;4.32;5.76
2019-04-30;24;9.03;20.14;79.62;8.17;12.63
2019-05-01;39;10.31;26.04;80.43;16.01;18.6
2019-05-02;29;20.37;37.45;76.12;11.2;16.75
2019-05-03;26;13.43;25.45;74.08;8.8;11.75
2019-05-04;34;7.33;17.89;69.3;3.57;6.77
2019-05-05;23;5.87;9.93;73.48;5.23;7.98
2019-05-06;35;9.02;19.57;93.48;6.91;9.96
2019-05-07;34;34.52;41.23;91.12;9.37;18.46
2019-05-08;34;10.3;23.81;87.26;5.97;9.65
2019-05-09;43;25.62;36.39;68.11;3.88;10.18
2019-05-10;36;34.58;43.11;66.71;5.39;11.37
2019-05-11;28;11.29;23.49;83.24;3.37;6.72
2019-05-12;36;5.1;10.67;90.14;7.92;11.27
2019-05-13;32;6.42;14.4;94.13;5.68;12.29
2019-05-14;34;8.63;17.9;100.16;5.85;13.47
2019-05-15;38;8.08;18.15;91.66;6.82;12.68
2019-05-16;36;15.36;30.98;78.89;9.96;13.98
2019-05-17;23;16.91;42.02;70.86;10.02;16.06
2019-05-18;43;18.6;34.59;71.9;10.08;14.56
2019-05-19;39;9.73;20.17;77.42;5.16;7.82
2019-05-20;27;11.69;22.45;74.96;9.28;12.24
2019-05-21;27;16.06;28.22;76.15;11.93;16.78
2019-05-22;28;9.17;23.15;84.04;7.35;11.92
2019-05-23;41;25.85;40.48;83.7;7.11;13.31
2019-05-24;26;22.98;38.93;87.32;8.84;15.35
2019-05-25;37;5.87;20.34;87.97;7.64;12.01
2019-05-26;28;9.14;15.86;76.19;3.94;6.63
2019-05-27;35;14.63;22.36;51.41;4.94;9.14
2019-05-28;36;14.76;20.46;54.99;3.84;6.76
2019-05-29;36;12.61;21.04;60.8;4.49;7.3
2019-05-30;23;7.73;15.85;53.5;4.19;7.32
2019-05-31;24;10.99;24.12;60.16;6.27;9.71
2019-06-01;31;15.28;38.84;77.54;8.58;14.02
2019-06-02;32;19.48;30.86;99.94;8.21;16.25
2019-06-03;25;22.35;44.19;95.66;8.87;17.93
2019-06-04;37;18.52;29.35;86.21;8.58;27.91
2019-06-05;34;47.42;44.32;86.91;6.08;19.97
2019-06-06;40;16.68;24.99;71.92;4.78;7.44
2019-06-07;35;25.1;30.75;76;4.39;14.34
2019-06-08;20;13.93;21.81;74.73;5.38;9.07
2019-06-09;30;10.57;26.94;52.85;8.6;12.72
2019-06-10;26;14.96;28.32;44.48;7.44;9.92
2019-06-11;23;27.59;33.88;39.26;6.98;8.99
2019-06-12;28;23.57;29.4;59.18;4.09;6.94
2019-06-13;33;31.61;41.55;74.34;5.33;10.55
2019-06-14;29;25.45;44.16;55.22;9.71;14.1
2019-06-15;35;12.81;25.23;61.56;5.18;7.17
2019-06-16;23;8.92;15.41;64.79;5.48;9.6
2019-06-17;26;25.19;37.81;75.95;6.44;11.61
2019-06-18;26;41.07;47.7;81.86;9.28;22.02
2019-06-19;35;42.26;44.56;81.19;6.74;18.89
2019-06-20;37;25.34;30.59;48.59;6.58;11.43
2019-06-21;37;18.71;25.89;55.06;4.94;9.94
2019-06-22;29;19.78;22.24;61.19;5.58;9.14
2019-06-23;31;29.77;35.88;70.41;7.83;12.76
2019-06-24;23;28.54;41.8;78.39;11.24;20.61
2019-06-25;38;33.13;47.66;88.61;10.82;22.3
2019-06-26;37;28.46;51.7;104.13;14.2;29.3
2019-06-27;37;26.94;59.78;121.5;23.23;42.51
2019-06-28;41;22.95;41.99;111.85;20.45;34.51
2019-06-29;33;20.27;51.8;121.32;10.52;19.58
2019-06-30;29;22.72;43.72;108.88;17.38;29.73
2019-07-01;45;25.74;42.39;96;13.55;26.26
2019-07-02;40;13.95;32.37;77.73;8.57;15.69
2019-07-03;41;20.21;38.42;110.48;10.53;18.61
2019-07-04;26;22.61;51.37;114.17;10.88;20.25
2019-07-05;23;33.56;66.85;115.51;15.43;26.5
2019-07-06;32;13.04;40.22;92.55;12.41;20.75
2019-07-07;38;15.87;37.93;95.8;10.74;15.37
2019-07-08;28;22.23;38.1;91.23;9.73;15.55
2019-07-09;26;15.47;25.71;92.16;7.38;13.53
2019-07-10;27;11.69;28.67;93.7;4.89;12.16
2019-07-11;38;42.12;58.3;81.21;7.83;19.13
2019-07-12;38;32.6;48.66;80.2;9.06;19.42
2019-07-13;27;7.82;19.59;82.37;6.59;12.37
2019-07-14;27;5.85;13.2;80.82;6.24;10.94
2019-07-15;28;10.5;16.98;77.93;6.64;12.64
2019-07-16;44;20.3;36.88;90.16;7.95;14.45
2019-07-17;19;14.4;35.69;94.48;9.5;18.26
2019-07-18;26;16.12;34.11;90.96;9.49;19.95
2019-07-19;40;19.43;36.28;80.31;10;20.04
2019-07-20;42;13.2;28.81;86.91;9.77;20.27
2019-07-21;30;14.1;27.78;62.72;9.6;14.76
2019-07-22;32;18.26;38.12;82.94;9.19;17.19
2019-07-23;34;28.13;56.31;116.87;15.93;29.79
2019-07-24;25;22.47;54.97;109.67;18.82;37.67
2019-07-25;52;29.41;48.5;107.44;14.8;27.69
2019-07-26;19;22.62;38.83;98.33;11.65;24.14
2019-07-27;38;6.94;18.14;68.88;4.54;7.9
2019-07-28;24;7.94;15.4;59.28;3.36;7.68
2019-07-29;40;10.81;30.82;72.06;6.68;10.69
2019-07-30;40;13.66;31.08;57.75;6.29;11.47
2019-07-31;28;12.36;26.33;61.5;6.18;10.51
2019-08-01;34;20.25;34.19;66.02;5.75;13.65
2019-08-02;34;12.47;32.06;75.86;6.33;13.02
2019-08-03;41;6.51;24.11;93.04;7.39;13.52
2019-08-04;40;11.22;34.63;91.87;7.24;11.86
2019-08-05;29;21.82;48.4;101.37;11.64;20.98
2019-08-06;31;17.54;37.68;69.5;11.13;20.69
2019-08-07;40;10.21;26.4;44.06;6.14;11.53
2019-08-08;27;14.04;33.53;60.61;4.83;10.8
2019-08-09;28;18.03;31.01;69.63;9.17;19.68
2019-08-10;35;6.93;19.06;63.26;5.69;9.38
2019-08-11;41;4.77;14.56;49.58;5.42;10.54
2019-08-12;25;9.33;21.14;47.99;6.77;8.72
2019-08-13;26;6.02;17.16;63.59;3.05;6.42
2019-08-14;26;7.89;22.99;59.67;4.09;7.51
2019-08-15;29;6.7;20.42;48.1;4.3;7.88
2019-08-16;22;8.84;25.78;54.57;4.75;8.85
2019-08-17;24;15.18;33.91;67.48;6.02;12.95
2019-08-18;42;8.71;14.53;65.8;7.57;14.32
2019-08-19;25;9.98;19.39;37.37;3.71;7.56
2019-08-20;39;13.6;25.17;30.26;5.75;9.91
2019-08-21;26;8.94;19.58;59.48;5.14;7.95
2019-08-22;36;8.9;24.79;61.32;6.38;10.37
2019-08-23;38;13.15;34.45;69.94;9.04;13.49
2019-08-24;27;15.77;47.04;78.25;12.21;18.28
2019-08-25;34;10.22;38.39;83.27;11.07;16.34
2019-08-26;31;25.33;56.15;87.03;10.47;19.27
2019-08-27;30;24.65;51.97;66.07;13.45;24.26
2019-08-28;29;17.59;42.49;77.55;13.56;24.25
2019-08-29;36;10.78;31.63;70.93;13.04;20.54
2019-08-30;33;15.61;37.84;72.86;12.54;19.73
2019-08-31;27;13.05;35.44;78.68;9.82;17.52
2019-09-01;33;8.07;18.88;62.52;5.56;10.81
2019-09-02;26;6.89;15.95;70.33;4.69;10.11
2019-09-03;24;9.21;25.49;78.04;5.05;12.37
2019-09-04;29;29.83;51.51;77.26;6.96;19.42
2019-09-05;23;5.04;14.03;56.88;4.36;12.88
2019-09-06;37;5.24;17.08;61.17;4.8;12.38
2019-09-07;29;8.55;20.78;59.97;4.03;8.57
2019-09-08;30;6.25;17.07;48.04;2.6;4.41
2019-09-09;30;24.23;35.3;52.97;4.5;9.12
2019-09-10;32;18.4;36.73;59;6.58;12.03
2019-09-11;34;13.84;35.26;75.1;7.56;12.28
2019-09-12;35;21.45;45.78;78.07;8.09;17.33
2019-09-13;35;24.09;45.22;53.99;7.19;16.32
2019-09-14;26;15.69;39.67;57.05;7.28;13.75
2019-09-15;27;14.77;51.64;73.31;10.09;18.03
2019-09-16;44;25.07;56.98;83.18;10.77;25.09
2019-09-17;39;9.34;30.8;77.62;5.99;15.98
2019-09-18;22;8.82;21.29;69.65;6.6;15.89
2019-09-19;28;9.01;22.69;67.57;5.6;17.61
2019-09-20;31;18.37;49.18;61.46;9.06;23.91
2019-09-21;40;12.43;25.22;68.95;8.4;23.27
2019-09-22;30;9.25;17.04;64.32;5.16;15.17
2019-09-23;43;21.76;32.33;39.13;3.96;12.9
2019-09-24;34;21.64;34.08;33.11;6;16.28
2019-09-25;32;18.81;32.95;36.77;4.75;10.28
2019-09-26;29;33.33;39.12;29.59;5.19;9.53
2019-09-27;22;25.76;35.64;44.19;5.36;12.08
2019-09-28;36;15.97;31.74;48.27;4.11;11.78
2019-09-29;25;11.59;29.65;55.4;4.12;13.67
2019-09-30;22;14.99;31.45;50.34;4.49;11.72
2019-10-01;34;31.57;45.17;33.37;5.66;20.54
2019-10-02;32;12.44;22.05;45.03;2.95;9.25
2019-10-03;28;10.3;27.38;50.16;4.79;11.67
2019-10-04;30;35.18;52.4;26.84;8.4;21.33
2019-10-05;34;21.76;33.97;40.13;6.15;13.72
2019-10-06;37;8.37;20.08;40.85;3.44;8.1
2019-10-07;32;14.65;29.69;44.48;5.31;12.87
2019-10-08;42;35.38;37.84;34.91;6.81;18.66
2019-10-09;38;23.33;38.09;39.75;4.53;12.58
2019-10-10;38;40.95;46.39;32.38;6.42;17.16
2019-10-11;48;41.08;38.88;41.77;9.82;21.89
2019-10-12;37;15.69;22.05;55.43;7.94;17.32
2019-10-13;34;13.13;17.59;70.36;8.77;15.57
2019-10-14;33;25.26;28.53;72.02;13.62;30.28
2019-10-15;37;18.46;37.08;43.85;6.57;12.12
2019-10-16;32;27.05;32.7;29.83;7.67;15.1
2019-10-17;35;23.89;39.8;37;8.29;17.39
2019-10-18;35;25.93;41.87;30.14;7.82;14.06
2019-10-19;33;22.79;35;36.48;8.34;16.96
2019-10-20;31;15.55;28.21;62.67;7.98;16.82
2019-10-21;39;33.26;37.43;27.8;5.96;10.97
2019-10-22;28;28.33;32.19;22.22;9.74;16.53
2019-10-23;44;38.1;36.9;19.43;13.98;21.64
2019-10-24;43;28.59;42.49;45.63;8.52;16.47
2019-10-25;40;38.74;40.64;30.57;8.79;14.76
2019-10-26;33;30.62;39.08;28.99;10.64;18.08
2019-10-27;35;18.93;40.71;32.48;16.07;24.68
2019-10-28;42;34.56;36.93;16.46;18.97;25.12
2019-10-29;31;34.72;27.46;7.43;13.81;19.68
2019-10-30;40;36.15;35.93;8.37;13.73;20.18
2019-10-31;25;49.97;36.25;23.83;17.59;22.28
2019-11-01;29;19.03;28.1;24.45;8.31;13.56
2019-11-02;30;14.77;20.07;45.01;3.14;7.2
2019-11-03;38;7.53;22.43;48.47;3.77;5.53
2019-11-04;29;15.52;30.31;40.25;4.57;9.34
2019-11-05;37;20.76;38.52;35.75;6.85;12.14
2019-11-06;41;14.74;34.53;31.14;7.9;11.29
2019-11-07;35;25.13;38.11;28.77;10.55;16.09
2019-11-08;32;38.25;43.78;22.81;14.57;21.33
2019-11-09;38;29.28;38.4;28.66;13.29;17.67
2019-11-10;43;12.22;27.71;34.64;8.35;11.43
2019-11-11;28;18.78;31.42;32.04;13.81;16.41
2019-11-12;37;39.04;47.15;32.61;13.27;21.14
2019-11-13;35;34.25;43.91;38.44;14.95;20.64
2019-11-14;28;26.76;46.54;37.65;9.94;12.37
2019-11-15;44;23.36;43.69;15.95;13.12;16.81
2019-11-16;25;27.85;42.75;37.15;19.88;23.48
2019-11-17;39;34.48;35.14;43.72;25.59;27.21
2019-11-18;30;38.67;38.1;47.74;23.1;26.31
2019-11-19;45;18.99;29.21;45.92;12.51;18.66
2019-11-20;44;59.89;46.6;27.95;22.65;33.15
2019-11-21;29;59.66;49.11;28.8;27.39;31.07
2019-11-22;42;30.16;42.75;56.03;11.27;16.37
2019-11-23;32;41.06;46.87;32.07;13.98;17.43
2019-11-24;34;19.25;37.37;38.27;12;16.52
2019-11-25;33;75.57;52.66;24.38;20.7;28.4
2019-11-26;47;75.71;43.65;25.06;24.35;31.26
2019-11-27;34;25.62;39.65;40.43;8.08;13.48
2019-11-28;25;20.5;42.43;45.22;7.25;12.12
2019-11-29;36;33.98;50.32;37.7;9.31;12.2
2019-11-30;40;32.78;41.98;23.33;15.25;18.29
2019-12-01;37;20.98;34.87;23.05;14.23;15.9
2019-12-02;33;12.69;18.35;35.99;11.25;13.59
2019-12-03;38;38.98;36.7;26.07;22.76;26.05
2019-12-04;35;125.78;55.27;15.94;44.21;50
2019-12-05;29;142.49;54.01;22.33;51.9;54.81
2019-12-06;38;148.5;64.02;23.67;48.65;58.61
2019-12-07;35;119.84;68.27;23.41;44.81;52.84
2019-12-08;40;35.11;40.71;30.04;22.07;27.48
2019-12-09;41;17.24;29.34;54.61;6.03;10.91
2019-12-10;41;34;38.11;37.93;14.65;22
2019-12-11;38;56.18;50.43;21.86;20.76;25.75
2019-12-12;37;32.28;39.61;49.82;8.2;13.76
2019-12-13;36;16.87;31.37;53.87;6.76;9.97
2019-12-14;33;19.7;35.96;44.27;8.66;12.42
2019-12-15;54;20.41;35.51;40.75;9.65;13.89
2019-12-16;38;25.53;28.51;62.01;10.36;16.82
2019-12-17;44;18.84;30.33;61.01;16.1;32.79
2019-12-18;23;34.11;40.65;36.86;20.9;40.4
2019-12-19;41;37.94;37.91;58.9;12.65;25.51
2019-12-20;36;29.6;43.39;49.18;9;13.75
2019-12-21;34;23.58;38.48;46.46;7.64;10.29
2019-12-22;36;9.31;23.02;62.19;4.32;8.31
2019-12-23;43;33.7;42.45;48.98;10.16;15.71
2019-12-24;24;56.26;50.43;28.67;19.23;21.42
2019-12-25;33;44.51;45.35;29.31;20.72;22.27
2019-12-26;41;42.44;43.81;26.86;20.53;23.76
2019-12-27;47;36.62;44.94;40.28;15.84;17.7
2019-12-28;46;14.62;24.61;36.53;9.39;11.14
2019-12-29;34;16.1;26.67;25.61;19.55;21.54
2019-12-30;42;43.54;38.84;16.43;32.84;36.76
2019-12-31;26;80.71;46.12;15.61;44.48;47.2
